{
    "start_time": 1714068657.382639,
    "stop_time": 1714068658.3829303
}